name,price,rating,reviews,url
"Apple iPhone 15 Pro Max, 512GB, Black Titanium - AT&T (Renewed)",N/A,3.9,1512,https://www.amazon.com/Apple-iPhone-512GB-Black-Titanium/dp/B0CMZQDJCG/ref=sr_1_1?dib=eyJ2IjoiMSJ9.sKjCT4iUnqy977WQs5RuqKXjlcVa2JhVsbgQl3mSK-Jg1eamIsMXv1Ia1ssu4-aPBa0UMpxi0sIWPOVlWZY8JlpbFzlyk3HzgxuiTku-0KvbBgWEhwFit7SPEOMQnKzSMoQE0vRwpLGbqu9hh2Eb7-lPcA5IlzBk24LlSI2lXazi15ewV4A98wr0YvXgbHKOFmvLnRMS7ZlTRfdxHpbJYLycS7KOvXi0Zf7mVt6MjxQ.vyCTITSoRtGUX2dxKjd1jYib5raisNmWGdcs_LHs3AY&dib_tag=se&keywords=iphone+16&qid=1752390286&sr=8-1
"Apple iPhone 14 Pro, 128GB, Deep Purple for GSM (Renewed)",N/A,4.0,3588,https://www.amazon.com/Apple-iPhone-128GB-Purple-Renewed/dp/B0BN8YS4FX/ref=sr_1_2?dib=eyJ2IjoiMSJ9.sKjCT4iUnqy977WQs5RuqKXjlcVa2JhVsbgQl3mSK-Jg1eamIsMXv1Ia1ssu4-aPBa0UMpxi0sIWPOVlWZY8JlpbFzlyk3HzgxuiTku-0KvbBgWEhwFit7SPEOMQnKzSMoQE0vRwpLGbqu9hh2Eb7-lPcA5IlzBk24LlSI2lXazi15ewV4A98wr0YvXgbHKOFmvLnRMS7ZlTRfdxHpbJYLycS7KOvXi0Zf7mVt6MjxQ.vyCTITSoRtGUX2dxKjd1jYib5raisNmWGdcs_LHs3AY&dib_tag=se&keywords=iphone+16&qid=1752390286&sr=8-2
"for iPhone 16 Case, [Military-Grade Drop Protection][Anti-Yellowing] Shockproof Protective Translucent Matte Cover for iPhone 16 Phone Case,Deep Blue",N/A,4.7,0,https://www.amazon.com/KCQNine-Military-Grade-Protection-Anti-Yellowing-Translucent/dp/B0F6BY4DDB/ref=sr_1_3?dib=eyJ2IjoiMSJ9.sKjCT4iUnqy977WQs5RuqKXjlcVa2JhVsbgQl3mSK-Jg1eamIsMXv1Ia1ssu4-aPBa0UMpxi0sIWPOVlWZY8JlpbFzlyk3HzgxuiTku-0KvbBgWEhwFit7SPEOMQnKzSMoQE0vRwpLGbqu9hh2Eb7-lPcA5IlzBk24LlSI2lXazi15ewV4A98wr0YvXgbHKOFmvLnRMS7ZlTRfdxHpbJYLycS7KOvXi0Zf7mVt6MjxQ.vyCTITSoRtGUX2dxKjd1jYib5raisNmWGdcs_LHs3AY&dib_tag=se&keywords=iphone+16&qid=1752390286&sr=8-3
"Apple iPhone 12 Mini, 64GB, Black - Unlocked (Renewed)",N/A,4.0,16584,https://www.amazon.com/Apple-iPhone-12-Mini-Black/dp/B08PPDJWC8/ref=sr_1_4?dib=eyJ2IjoiMSJ9.sKjCT4iUnqy977WQs5RuqKXjlcVa2JhVsbgQl3mSK-Jg1eamIsMXv1Ia1ssu4-aPBa0UMpxi0sIWPOVlWZY8JlpbFzlyk3HzgxuiTku-0KvbBgWEhwFit7SPEOMQnKzSMoQE0vRwpLGbqu9hh2Eb7-lPcA5IlzBk24LlSI2lXazi15ewV4A98wr0YvXgbHKOFmvLnRMS7ZlTRfdxHpbJYLycS7KOvXi0Zf7mVt6MjxQ.vyCTITSoRtGUX2dxKjd1jYib5raisNmWGdcs_LHs3AY&dib_tag=se&keywords=iphone+16&qid=1752390286&sr=8-4
Samsung,N/A,4.2,185,https://www.amazon.com/SAMSUNG-SM-A166M-DS-Unlocked-International/dp/B0DK9SXDJY/ref=sr_1_5?dib=eyJ2IjoiMSJ9.sKjCT4iUnqy977WQs5RuqKXjlcVa2JhVsbgQl3mSK-Jg1eamIsMXv1Ia1ssu4-aPBa0UMpxi0sIWPOVlWZY8JlpbFzlyk3HzgxuiTku-0KvbBgWEhwFit7SPEOMQnKzSMoQE0vRwpLGbqu9hh2Eb7-lPcA5IlzBk24LlSI2lXazi15ewV4A98wr0YvXgbHKOFmvLnRMS7ZlTRfdxHpbJYLycS7KOvXi0Zf7mVt6MjxQ.vyCTITSoRtGUX2dxKjd1jYib5raisNmWGdcs_LHs3AY&dib_tag=se&keywords=iphone+16&qid=1752390286&sr=8-5
Apple iPhone 8 64GB Unlocked - Gray,N/A,4.2,659,https://www.amazon.com/Apple-iPhone-64GB-Unlocked-Gray/dp/B0CNL663BM/ref=sr_1_6?dib=eyJ2IjoiMSJ9.sKjCT4iUnqy977WQs5RuqKXjlcVa2JhVsbgQl3mSK-Jg1eamIsMXv1Ia1ssu4-aPBa0UMpxi0sIWPOVlWZY8JlpbFzlyk3HzgxuiTku-0KvbBgWEhwFit7SPEOMQnKzSMoQE0vRwpLGbqu9hh2Eb7-lPcA5IlzBk24LlSI2lXazi15ewV4A98wr0YvXgbHKOFmvLnRMS7ZlTRfdxHpbJYLycS7KOvXi0Zf7mVt6MjxQ.vyCTITSoRtGUX2dxKjd1jYib5raisNmWGdcs_LHs3AY&dib_tag=se&keywords=iphone+16&qid=1752390286&sr=8-6
"for iPhone 16 Clear Case, Compatible with MagSafe, Anti-Yellowing, Shockproof, Dropproof, Heavy Duty Protection, Triple Layer Magnetic Phone Case Cover for 16, 6.1"", Clear",N/A,4.9,35,https://www.amazon.com/TUTUKII-iPhone-16-Anti-Yellowing-6-1/dp/B0F6TTX5H2/ref=sr_1_7?dib=eyJ2IjoiMSJ9.sKjCT4iUnqy977WQs5RuqKXjlcVa2JhVsbgQl3mSK-Jg1eamIsMXv1Ia1ssu4-aPBa0UMpxi0sIWPOVlWZY8JlpbFzlyk3HzgxuiTku-0KvbBgWEhwFit7SPEOMQnKzSMoQE0vRwpLGbqu9hh2Eb7-lPcA5IlzBk24LlSI2lXazi15ewV4A98wr0YvXgbHKOFmvLnRMS7ZlTRfdxHpbJYLycS7KOvXi0Zf7mVt6MjxQ.vyCTITSoRtGUX2dxKjd1jYib5raisNmWGdcs_LHs3AY&dib_tag=se&keywords=iphone+16&qid=1752390286&sr=8-7
Samsung,"$1,299..99",4.6,3095,https://www.amazon.com/SAMSUNG-Smartphone-Unlocked-Android-Titanium/dp/B0CMDL3H3P/ref=sr_1_8?dib=eyJ2IjoiMSJ9.sKjCT4iUnqy977WQs5RuqKXjlcVa2JhVsbgQl3mSK-Jg1eamIsMXv1Ia1ssu4-aPBa0UMpxi0sIWPOVlWZY8JlpbFzlyk3HzgxuiTku-0KvbBgWEhwFit7SPEOMQnKzSMoQE0vRwpLGbqu9hh2Eb7-lPcA5IlzBk24LlSI2lXazi15ewV4A98wr0YvXgbHKOFmvLnRMS7ZlTRfdxHpbJYLycS7KOvXi0Zf7mVt6MjxQ.vyCTITSoRtGUX2dxKjd1jYib5raisNmWGdcs_LHs3AY&dib_tag=se&keywords=iphone+16&qid=1752390286&sr=8-8
"Apple iPhone 12, 256GB, Black - Boost Mobile (Renewed)",N/A,4.1,31380,https://www.amazon.com/Apple-iPhone-12-256GB-Black/dp/B0DLDNBKRP/ref=sr_1_9?dib=eyJ2IjoiMSJ9.sKjCT4iUnqy977WQs5RuqKXjlcVa2JhVsbgQl3mSK-Jg1eamIsMXv1Ia1ssu4-aPBa0UMpxi0sIWPOVlWZY8JlpbFzlyk3HzgxuiTku-0KvbBgWEhwFit7SPEOMQnKzSMoQE0vRwpLGbqu9hh2Eb7-lPcA5IlzBk24LlSI2lXazi15ewV4A98wr0YvXgbHKOFmvLnRMS7ZlTRfdxHpbJYLycS7KOvXi0Zf7mVt6MjxQ.vyCTITSoRtGUX2dxKjd1jYib5raisNmWGdcs_LHs3AY&dib_tag=se&keywords=iphone+16&qid=1752390286&sr=8-9
"Apple iPhone 14, 512GB, Midnight for Verizon (Renewed)",N/A,4.1,5599,https://www.amazon.com/Apple-iPhone-Midnight-Verizon-Renewed/dp/B0BN73VMBS/ref=sr_1_10?dib=eyJ2IjoiMSJ9.sKjCT4iUnqy977WQs5RuqKXjlcVa2JhVsbgQl3mSK-Jg1eamIsMXv1Ia1ssu4-aPBa0UMpxi0sIWPOVlWZY8JlpbFzlyk3HzgxuiTku-0KvbBgWEhwFit7SPEOMQnKzSMoQE0vRwpLGbqu9hh2Eb7-lPcA5IlzBk24LlSI2lXazi15ewV4A98wr0YvXgbHKOFmvLnRMS7ZlTRfdxHpbJYLycS7KOvXi0Zf7mVt6MjxQ.vyCTITSoRtGUX2dxKjd1jYib5raisNmWGdcs_LHs3AY&dib_tag=se&keywords=iphone+16&qid=1752390286&sr=8-10
"C24 Ultra 5G Smartphone, 12+512GB Unlocked Phone,48+108MP Zoom Camera，6800mAh 6.8"" HD Screen Unlocked Cell Phone, 12+512GB Android14.0,Face ID/Fingerprint Lock/GPS (Green)",N/A,4.1,9,https://www.amazon.com/yowsley-C24-Ultra-Camera%EF%BC%8C6800mAh-Android14-0/dp/B0F2N9XZZ3/ref=sr_1_11?dib=eyJ2IjoiMSJ9.sKjCT4iUnqy977WQs5RuqKXjlcVa2JhVsbgQl3mSK-Jg1eamIsMXv1Ia1ssu4-aPBa0UMpxi0sIWPOVlWZY8JlpbFzlyk3HzgxuiTku-0KvbBgWEhwFit7SPEOMQnKzSMoQE0vRwpLGbqu9hh2Eb7-lPcA5IlzBk24LlSI2lXazi15ewV4A98wr0YvXgbHKOFmvLnRMS7ZlTRfdxHpbJYLycS7KOvXi0Zf7mVt6MjxQ.vyCTITSoRtGUX2dxKjd1jYib5raisNmWGdcs_LHs3AY&dib_tag=se&keywords=iphone+16&qid=1752390286&sr=8-11
"Unlocked Phones I16 Plus 5G Cell Phone Android 13 Smart Phones 8GB+256GB/6.7"" Display/108MP+48MP Camera/6800 mAh (White)",N/A,3.0,8,https://www.amazon.com/Deepbito-Unlocked-Phones-Android-Display/dp/B0DGLVKBLM/ref=sr_1_12?dib=eyJ2IjoiMSJ9.sKjCT4iUnqy977WQs5RuqKXjlcVa2JhVsbgQl3mSK-Jg1eamIsMXv1Ia1ssu4-aPBa0UMpxi0sIWPOVlWZY8JlpbFzlyk3HzgxuiTku-0KvbBgWEhwFit7SPEOMQnKzSMoQE0vRwpLGbqu9hh2Eb7-lPcA5IlzBk24LlSI2lXazi15ewV4A98wr0YvXgbHKOFmvLnRMS7ZlTRfdxHpbJYLycS7KOvXi0Zf7mVt6MjxQ.vyCTITSoRtGUX2dxKjd1jYib5raisNmWGdcs_LHs3AY&dib_tag=se&keywords=iphone+16&qid=1752390286&sr=8-12
"14PROMA X Unlocked Cell Phone,Long Battery Life 6.82"" HD Screen Unlocked Phones,Android14 16+512GB Smartphone with 128G Memory Card,Dual SIM/Fingerprint Lock/Face ID/GPS (Blue)",N/A,3.1,339,https://www.amazon.com/SLICE-RED-Android13-Smartphone-Fingerprint/dp/B0DBRH4W9W/ref=sr_1_13?dib=eyJ2IjoiMSJ9.sKjCT4iUnqy977WQs5RuqKXjlcVa2JhVsbgQl3mSK-Jg1eamIsMXv1Ia1ssu4-aPBa0UMpxi0sIWPOVlWZY8JlpbFzlyk3HzgxuiTku-0KvbBgWEhwFit7SPEOMQnKzSMoQE0vRwpLGbqu9hh2Eb7-lPcA5IlzBk24LlSI2lXazi15ewV4A98wr0YvXgbHKOFmvLnRMS7ZlTRfdxHpbJYLycS7KOvXi0Zf7mVt6MjxQ.vyCTITSoRtGUX2dxKjd1jYib5raisNmWGdcs_LHs3AY&dib_tag=se&keywords=iphone+16&qid=1752390286&sr=8-13
Moto G Play 2023 3-Day Battery Unlocked Made for US 3/32GB 16MP Camera Navy Blue,$158..70,4.0,1707,https://www.amazon.com/Moto-3-Day-Battery-Unlocked-Camera/dp/B0BQ118F2T/ref=sr_1_14?dib=eyJ2IjoiMSJ9.sKjCT4iUnqy977WQs5RuqKXjlcVa2JhVsbgQl3mSK-Jg1eamIsMXv1Ia1ssu4-aPBa0UMpxi0sIWPOVlWZY8JlpbFzlyk3HzgxuiTku-0KvbBgWEhwFit7SPEOMQnKzSMoQE0vRwpLGbqu9hh2Eb7-lPcA5IlzBk24LlSI2lXazi15ewV4A98wr0YvXgbHKOFmvLnRMS7ZlTRfdxHpbJYLycS7KOvXi0Zf7mVt6MjxQ.vyCTITSoRtGUX2dxKjd1jYib5raisNmWGdcs_LHs3AY&dib_tag=se&keywords=iphone+16&qid=1752390286&sr=8-14
"16PROMA X 5G Phone,Smartphone Unlocked Cell Phone 16GB+1TB/6.99“ HD Screen Display/68MP+108MP Camera/7000 mAh , Dual SIM Card/Face Unlock/Fingerprint Button Unlock-and take photos (Desert Titanium)",N/A,3.8,17,https://www.amazon.com/16PROMA-Smartphone-Unlocked-Fingerprint-Titanium/dp/B0DSHSDL4K/ref=sr_1_15?dib=eyJ2IjoiMSJ9.sKjCT4iUnqy977WQs5RuqKXjlcVa2JhVsbgQl3mSK-Jg1eamIsMXv1Ia1ssu4-aPBa0UMpxi0sIWPOVlWZY8JlpbFzlyk3HzgxuiTku-0KvbBgWEhwFit7SPEOMQnKzSMoQE0vRwpLGbqu9hh2Eb7-lPcA5IlzBk24LlSI2lXazi15ewV4A98wr0YvXgbHKOFmvLnRMS7ZlTRfdxHpbJYLycS7KOvXi0Zf7mVt6MjxQ.vyCTITSoRtGUX2dxKjd1jYib5raisNmWGdcs_LHs3AY&dib_tag=se&keywords=iphone+16&qid=1752390286&sr=8-15
"15ProMAX 5G Phone 12+512GB Unlocked Cell Phone,Smartphone 6.85"" HD Screen Unlocked Phones,Battery 7000mAh Android 13,/Face ID/Fingerprint Unlock/Dual SIM/GPS (Black)",N/A,3.2,6,https://www.amazon.com/Ecshock-15-ProMAX-Phone-Fingerprint/dp/B0DDVG7BX9/ref=sr_1_16?dib=eyJ2IjoiMSJ9.sKjCT4iUnqy977WQs5RuqKXjlcVa2JhVsbgQl3mSK-Jg1eamIsMXv1Ia1ssu4-aPBa0UMpxi0sIWPOVlWZY8JlpbFzlyk3HzgxuiTku-0KvbBgWEhwFit7SPEOMQnKzSMoQE0vRwpLGbqu9hh2Eb7-lPcA5IlzBk24LlSI2lXazi15ewV4A98wr0YvXgbHKOFmvLnRMS7ZlTRfdxHpbJYLycS7KOvXi0Zf7mVt6MjxQ.vyCTITSoRtGUX2dxKjd1jYib5raisNmWGdcs_LHs3AY&dib_tag=se&keywords=iphone+16&qid=1752390286&sr=8-16
"3 in 1 Wireless Charging Station, 2025 Upgraded Fast Desk Charger Station for iPhone 16 15 14 13 12 Pro Max Plus, Charger Stand for Apple Watch 10 9 8 7 6 5 4 3 2 SE, Airpods 4 3 2 Pro",N/A,4.4,4236,https://www.amazon.com/sspa/click?ie=UTF8&spc=MToxMjgyOTkzNDY2ODQ5MTM4OjE3NTIzOTAyODY6c3BfYnRmOjMwMDc1MjM1MDYzMTEwMjo6MDo6&url=%2FWireless-Charging-Station-Charger-AirPods%2Fdp%2FB09SB29VYD%2Fref%3Dsr_1_17_sspa%3Fdib%3DeyJ2IjoiMSJ9.sKjCT4iUnqy977WQs5RuqKXjlcVa2JhVsbgQl3mSK-Jg1eamIsMXv1Ia1ssu4-aPBa0UMpxi0sIWPOVlWZY8JlpbFzlyk3HzgxuiTku-0KvbBgWEhwFit7SPEOMQnKzSMoQE0vRwpLGbqu9hh2Eb7-lPcA5IlzBk24LlSI2lXazi15ewV4A98wr0YvXgbHKOFmvLnRMS7ZlTRfdxHpbJYLycS7KOvXi0Zf7mVt6MjxQ.vyCTITSoRtGUX2dxKjd1jYib5raisNmWGdcs_LHs3AY%26dib_tag%3Dse%26keywords%3Diphone%2B16%26qid%3D1752390286%26sr%3D8-17-spons%26sp_csd%3Dd2lkZ2V0TmFtZT1zcF9idGY%26psc%3D1
"iPhone 16 for Seniors and Beginners Guide: Simplified, Illustrated, and Packed with Tips to Connect, Customize, and Feel Confident Every Day. Zero Tech Overload",$18..99,3.8,0,https://www.amazon.com/sspa/click?ie=UTF8&spc=MToxMjgyOTkzNDY2ODQ5MTM4OjE3NTIzOTAyODY6c3BfYnRmOjMwMDU2NzYyOTQ2NjAwMjo6MDo6&url=%2FiPhone-Seniors-Beginners-Guide-Illustrated%2Fdp%2FB0DNWV1DGZ%2Fref%3Dsr_1_18_sspa%3Fdib%3DeyJ2IjoiMSJ9.sKjCT4iUnqy977WQs5RuqKXjlcVa2JhVsbgQl3mSK-Jg1eamIsMXv1Ia1ssu4-aPBa0UMpxi0sIWPOVlWZY8JlpbFzlyk3HzgxuiTku-0KvbBgWEhwFit7SPEOMQnKzSMoQE0vRwpLGbqu9hh2Eb7-lPcA5IlzBk24LlSI2lXazi15ewV4A98wr0YvXgbHKOFmvLnRMS7ZlTRfdxHpbJYLycS7KOvXi0Zf7mVt6MjxQ.vyCTITSoRtGUX2dxKjd1jYib5raisNmWGdcs_LHs3AY%26dib_tag%3Dse%26keywords%3Diphone%2B16%26qid%3D1752390286%26sr%3D8-18-spons%26sp_csd%3Dd2lkZ2V0TmFtZT1zcF9idGY%26psc%3D1
UNBREAKcable,N/A,4.2,28192,https://www.amazon.com/sspa/click?ie=UTF8&spc=MToxMjgyOTkzNDY2ODQ5MTM4OjE3NTIzOTAyODY6c3BfYnRmOjMwMDc2MDgzNzM3MzQwMjo6MDo6&url=%2FUNBREAKcable-Protector-Anti-Spy-Shatterproof-Installation%2Fdp%2FB0F18NLNF5%2Fref%3Dsr_1_19_sspa%3Fdib%3DeyJ2IjoiMSJ9.sKjCT4iUnqy977WQs5RuqKXjlcVa2JhVsbgQl3mSK-Jg1eamIsMXv1Ia1ssu4-aPBa0UMpxi0sIWPOVlWZY8JlpbFzlyk3HzgxuiTku-0KvbBgWEhwFit7SPEOMQnKzSMoQE0vRwpLGbqu9hh2Eb7-lPcA5IlzBk24LlSI2lXazi15ewV4A98wr0YvXgbHKOFmvLnRMS7ZlTRfdxHpbJYLycS7KOvXi0Zf7mVt6MjxQ.vyCTITSoRtGUX2dxKjd1jYib5raisNmWGdcs_LHs3AY%26dib_tag%3Dse%26keywords%3Diphone%2B16%26qid%3D1752390286%26sr%3D8-19-spons%26sp_csd%3Dd2lkZ2V0TmFtZT1zcF9idGY%26psc%3D1
Belemay,N/A,4.6,167,https://www.amazon.com/sspa/click?ie=UTF8&spc=MTo4OTQ5MTIyMDE3NzkyMjc3OjE3NTIzOTAyOTI6c3BfYXRmX25leHQ6MzAwNDEwNTA1NDA4MjAyOjowOjo&url=%2FBelemay-Compatible-Shockproof-Protection-Protective%2Fdp%2FB0DBL4D1S9%2Fref%3Dsr_1_17_sspa%3Fdib%3DeyJ2IjoiMSJ9.vXjToQJO76IhewN7sWaQIxQPC3eeMZOfxumCQURi-CshLD9pbXuRNFD2UK21lDUNtpyX4u5UVi1kzbdsPS_4XK96fCQRlAAKVGTKxKk-7JgFsb77h7z7f30wsM0Of24yiMVi9Fj75Qtda6DqYjsFMYkLN2GOCQQISPQJtIhd7nRzjL31Y5NhKqNJvbIu3aOTN1OJSS8quVF6tXkz9bRSFackZLhHmar-Hp9d9c6-pz8.KCIIhukCvlsXVTq8caost-_6Z0C-rWhRglNjOIG4JlE%26dib_tag%3Dse%26keywords%3Diphone%2B16%26qid%3D1752390292%26sr%3D8-17-spons%26sp_csd%3Dd2lkZ2V0TmFtZT1zcF9hdGZfbmV4dA%26psc%3D1
"iPhone 16 User Guide: Your Step-by-Step Companion to Mastering the Full Potential of Your Device. With Tailored Tips and Tricks for All Models: Iphone 16, Plus, Pro, and Pro Max",$21..90,4.1,0,https://www.amazon.com/sspa/click?ie=UTF8&spc=MTo4OTQ5MTIyMDE3NzkyMjc3OjE3NTIzOTAyOTI6c3BfYXRmX25leHQ6MzAwNTY3NTg3MzU3MTAyOjowOjo&url=%2FiPhone-User-Guide-Step-Step%2Fdp%2FB0DP3VL36D%2Fref%3Dsr_1_18_sspa%3Fdib%3DeyJ2IjoiMSJ9.vXjToQJO76IhewN7sWaQIxQPC3eeMZOfxumCQURi-CshLD9pbXuRNFD2UK21lDUNtpyX4u5UVi1kzbdsPS_4XK96fCQRlAAKVGTKxKk-7JgFsb77h7z7f30wsM0Of24yiMVi9Fj75Qtda6DqYjsFMYkLN2GOCQQISPQJtIhd7nRzjL31Y5NhKqNJvbIu3aOTN1OJSS8quVF6tXkz9bRSFackZLhHmar-Hp9d9c6-pz8.KCIIhukCvlsXVTq8caost-_6Z0C-rWhRglNjOIG4JlE%26dib_tag%3Dse%26keywords%3Diphone%2B16%26qid%3D1752390292%26sr%3D8-18-spons%26sp_csd%3Dd2lkZ2V0TmFtZT1zcF9hdGZfbmV4dA%26psc%3D1
"Unlocked Phones 16 Plu s 5G Cell Phone Android 13 Smart Phones 8GB+256GB/6.7"" Display/108MP+48MP Camera/6800 mAh (White)",N/A,2.6,8,https://www.amazon.com/Deepbito-Unlocked-I16-Android-Display/dp/B0DGLWB2ZF/ref=sr_1_19?dib=eyJ2IjoiMSJ9.vXjToQJO76IhewN7sWaQIxQPC3eeMZOfxumCQURi-CshLD9pbXuRNFD2UK21lDUNtpyX4u5UVi1kzbdsPS_4XK96fCQRlAAKVGTKxKk-7JgFsb77h7z7f30wsM0Of24yiMVi9Fj75Qtda6DqYjsFMYkLN2GOCQQISPQJtIhd7nRzjL31Y5NhKqNJvbIu3aOTN1OJSS8quVF6tXkz9bRSFackZLhHmar-Hp9d9c6-pz8.KCIIhukCvlsXVTq8caost-_6Z0C-rWhRglNjOIG4JlE&dib_tag=se&keywords=iphone+16&qid=1752390292&sr=8-19
8849,N/A,4.1,54,https://www.amazon.com/8849-Pro-Smartphone-Waterproof-Fingerprint/dp/B0DJVSFQKD/ref=sr_1_20?dib=eyJ2IjoiMSJ9.vXjToQJO76IhewN7sWaQIxQPC3eeMZOfxumCQURi-CshLD9pbXuRNFD2UK21lDUNtpyX4u5UVi1kzbdsPS_4XK96fCQRlAAKVGTKxKk-7JgFsb77h7z7f30wsM0Of24yiMVi9Fj75Qtda6DqYjsFMYkLN2GOCQQISPQJtIhd7nRzjL31Y5NhKqNJvbIu3aOTN1OJSS8quVF6tXkz9bRSFackZLhHmar-Hp9d9c6-pz8.KCIIhukCvlsXVTq8caost-_6Z0C-rWhRglNjOIG4JlE&dib_tag=se&keywords=iphone+16&qid=1752390292&sr=8-20
OnePlus,N/A,4.1,343,https://www.amazon.com/OnePlus-Dual-SIM-Unlocked-Smartphone-Hasselblad/dp/B0CHN8FNW3/ref=sr_1_21?dib=eyJ2IjoiMSJ9.vXjToQJO76IhewN7sWaQIxQPC3eeMZOfxumCQURi-CshLD9pbXuRNFD2UK21lDUNtpyX4u5UVi1kzbdsPS_4XK96fCQRlAAKVGTKxKk-7JgFsb77h7z7f30wsM0Of24yiMVi9Fj75Qtda6DqYjsFMYkLN2GOCQQISPQJtIhd7nRzjL31Y5NhKqNJvbIu3aOTN1OJSS8quVF6tXkz9bRSFackZLhHmar-Hp9d9c6-pz8.KCIIhukCvlsXVTq8caost-_6Z0C-rWhRglNjOIG4JlE&dib_tag=se&keywords=iphone+16&qid=1752390292&sr=8-21
"Small Intelligent 3G Unlocked Mobile Phone, with a 3-inch Screen, Dual SIM Dual Standby. It's a Portable Spare Phone, Suitable for Kids and Students. (Pink, 2GB + 16GB)",N/A,3.4,44,https://www.amazon.com/ZOKOE-Intelligent-Unlocked-Standby-Students/dp/B0DSLHBZLG/ref=sr_1_22?dib=eyJ2IjoiMSJ9.vXjToQJO76IhewN7sWaQIxQPC3eeMZOfxumCQURi-CshLD9pbXuRNFD2UK21lDUNtpyX4u5UVi1kzbdsPS_4XK96fCQRlAAKVGTKxKk-7JgFsb77h7z7f30wsM0Of24yiMVi9Fj75Qtda6DqYjsFMYkLN2GOCQQISPQJtIhd7nRzjL31Y5NhKqNJvbIu3aOTN1OJSS8quVF6tXkz9bRSFackZLhHmar-Hp9d9c6-pz8.KCIIhukCvlsXVTq8caost-_6Z0C-rWhRglNjOIG4JlE&dib_tag=se&keywords=iphone+16&qid=1752390292&sr=8-22
6.7Inch Unlocked Cell Phone 2GB +16GB/SD128 GB Straight Talk and Dual Sim Boost Smart Phones for Android10.1,N/A,3.0,2,https://www.amazon.com/NIEGA-6-7Inch-Unlocked-Straight-Android10-1/dp/B0F43P18L3/ref=sr_1_23?dib=eyJ2IjoiMSJ9.vXjToQJO76IhewN7sWaQIxQPC3eeMZOfxumCQURi-CshLD9pbXuRNFD2UK21lDUNtpyX4u5UVi1kzbdsPS_4XK96fCQRlAAKVGTKxKk-7JgFsb77h7z7f30wsM0Of24yiMVi9Fj75Qtda6DqYjsFMYkLN2GOCQQISPQJtIhd7nRzjL31Y5NhKqNJvbIu3aOTN1OJSS8quVF6tXkz9bRSFackZLhHmar-Hp9d9c6-pz8.KCIIhukCvlsXVTq8caost-_6Z0C-rWhRglNjOIG4JlE&dib_tag=se&keywords=iphone+16&qid=1752390292&sr=8-23
"16PROMA X 5G Phone,Smartphone Unlocked Cell Phone 12GB+512GB/6.99“ HD Screen Display/68MP+108MP Camera/7000 mAh, Dual SIM Card/Face Unlock/Fingerprint Button Unlock-and take Photos (Dark Blue)",N/A,3.4,2,https://www.amazon.com/JQAKP-16PROMA-Smartphone-Unlocked-Fingerprint/dp/B0DZ6HGRGD/ref=sr_1_24?dib=eyJ2IjoiMSJ9.vXjToQJO76IhewN7sWaQIxQPC3eeMZOfxumCQURi-CshLD9pbXuRNFD2UK21lDUNtpyX4u5UVi1kzbdsPS_4XK96fCQRlAAKVGTKxKk-7JgFsb77h7z7f30wsM0Of24yiMVi9Fj75Qtda6DqYjsFMYkLN2GOCQQISPQJtIhd7nRzjL31Y5NhKqNJvbIu3aOTN1OJSS8quVF6tXkz9bRSFackZLhHmar-Hp9d9c6-pz8.KCIIhukCvlsXVTq8caost-_6Z0C-rWhRglNjOIG4JlE&dib_tag=se&keywords=iphone+16&qid=1752390292&sr=8-24
OnePlus,N/A,4.5,510,https://www.amazon.com/OnePlus-Moonstone-Smartphone-SuperVOOC-CPH2417/dp/B0B7QQN6P9/ref=sr_1_25?dib=eyJ2IjoiMSJ9.vXjToQJO76IhewN7sWaQIxQPC3eeMZOfxumCQURi-CshLD9pbXuRNFD2UK21lDUNtpyX4u5UVi1kzbdsPS_4XK96fCQRlAAKVGTKxKk-7JgFsb77h7z7f30wsM0Of24yiMVi9Fj75Qtda6DqYjsFMYkLN2GOCQQISPQJtIhd7nRzjL31Y5NhKqNJvbIu3aOTN1OJSS8quVF6tXkz9bRSFackZLhHmar-Hp9d9c6-pz8.KCIIhukCvlsXVTq8caost-_6Z0C-rWhRglNjOIG4JlE&dib_tag=se&keywords=iphone+16&qid=1752390292&sr=8-25
G920A,N/A,4.1,227,https://www.amazon.com/Samsung-Galaxy-S6-Black-Sapphire/dp/B00V5LZXCS/ref=sr_1_26?dib=eyJ2IjoiMSJ9.vXjToQJO76IhewN7sWaQIxQPC3eeMZOfxumCQURi-CshLD9pbXuRNFD2UK21lDUNtpyX4u5UVi1kzbdsPS_4XK96fCQRlAAKVGTKxKk-7JgFsb77h7z7f30wsM0Of24yiMVi9Fj75Qtda6DqYjsFMYkLN2GOCQQISPQJtIhd7nRzjL31Y5NhKqNJvbIu3aOTN1OJSS8quVF6tXkz9bRSFackZLhHmar-Hp9d9c6-pz8.KCIIhukCvlsXVTq8caost-_6Z0C-rWhRglNjOIG4JlE&dib_tag=se&keywords=iphone+16&qid=1752390292&sr=8-26
"16PROMA X Unlocked Phone,12+512GB Smartphone, Android 14.0, Long Battery Life 7000mAh,6.99"" Display 68+108MP Zoom Camera,with Dual SIM, Fingerprint Lock, Face ID (Pink)",N/A,4.2,26,https://www.amazon.com/VSQAOF-Unlocked-Phone-Smartphone-Fingerprint/dp/B0DNLDW446/ref=sr_1_27?dib=eyJ2IjoiMSJ9.vXjToQJO76IhewN7sWaQIxQPC3eeMZOfxumCQURi-CshLD9pbXuRNFD2UK21lDUNtpyX4u5UVi1kzbdsPS_4XK96fCQRlAAKVGTKxKk-7JgFsb77h7z7f30wsM0Of24yiMVi9Fj75Qtda6DqYjsFMYkLN2GOCQQISPQJtIhd7nRzjL31Y5NhKqNJvbIu3aOTN1OJSS8quVF6tXkz9bRSFackZLhHmar-Hp9d9c6-pz8.KCIIhukCvlsXVTq8caost-_6Z0C-rWhRglNjOIG4JlE&dib_tag=se&keywords=iphone+16&qid=1752390292&sr=8-27
Ulefone,N/A,3.9,175,https://www.amazon.com/Ulefone-Unlocked-Display-Smartphone-Fingerprint/dp/B0C69C8QKH/ref=sr_1_28?dib=eyJ2IjoiMSJ9.vXjToQJO76IhewN7sWaQIxQPC3eeMZOfxumCQURi-CshLD9pbXuRNFD2UK21lDUNtpyX4u5UVi1kzbdsPS_4XK96fCQRlAAKVGTKxKk-7JgFsb77h7z7f30wsM0Of24yiMVi9Fj75Qtda6DqYjsFMYkLN2GOCQQISPQJtIhd7nRzjL31Y5NhKqNJvbIu3aOTN1OJSS8quVF6tXkz9bRSFackZLhHmar-Hp9d9c6-pz8.KCIIhukCvlsXVTq8caost-_6Z0C-rWhRglNjOIG4JlE&dib_tag=se&keywords=iphone+16&qid=1752390292&sr=8-28
WAVEBLOCK,N/A,4.4,479,https://www.amazon.com/WAVEBLOCK-Blocker-Cell-Phone-Scientifically/dp/B0DKG145NQ/ref=sr_1_29?dib=eyJ2IjoiMSJ9.vXjToQJO76IhewN7sWaQIxQPC3eeMZOfxumCQURi-CshLD9pbXuRNFD2UK21lDUNtpyX4u5UVi1kzbdsPS_4XK96fCQRlAAKVGTKxKk-7JgFsb77h7z7f30wsM0Of24yiMVi9Fj75Qtda6DqYjsFMYkLN2GOCQQISPQJtIhd7nRzjL31Y5NhKqNJvbIu3aOTN1OJSS8quVF6tXkz9bRSFackZLhHmar-Hp9d9c6-pz8.KCIIhukCvlsXVTq8caost-_6Z0C-rWhRglNjOIG4JlE&dib_tag=se&keywords=iphone+16&qid=1752390292&sr=8-29
"16PROMA X 5G Phone,Smartphone Unlocked Cell Phone 12GB+512GB/6.99“ HD Screen Display/68MP+108MP Camera/7000 mAh, Dual SIM Card/Face Unlock/Fingerprint Button Unlock-and take Photos (Blue)",N/A,2.0,4,https://www.amazon.com/JQAKP-16PROMA-Smartphone-Unlocked-Fingerprint/dp/B0DZ6HN669/ref=sr_1_30?dib=eyJ2IjoiMSJ9.vXjToQJO76IhewN7sWaQIxQPC3eeMZOfxumCQURi-CshLD9pbXuRNFD2UK21lDUNtpyX4u5UVi1kzbdsPS_4XK96fCQRlAAKVGTKxKk-7JgFsb77h7z7f30wsM0Of24yiMVi9Fj75Qtda6DqYjsFMYkLN2GOCQQISPQJtIhd7nRzjL31Y5NhKqNJvbIu3aOTN1OJSS8quVF6tXkz9bRSFackZLhHmar-Hp9d9c6-pz8.KCIIhukCvlsXVTq8caost-_6Z0C-rWhRglNjOIG4JlE&dib_tag=se&keywords=iphone+16&qid=1752390292&sr=8-30
"Mini Phone World's Smallest 3.0"" HD Touch Screen Mini Smartphone Unlocked Android Compact Mobile Phone for Students Cell Phone wih Quad-Core Dual SLM Face lD 2GB+16GB Pink",N/A,3.6,216,https://www.amazon.com/soyes-Smallest-Smartphone-Unlocked-Quad-Core/dp/B0DMDG2NLP/ref=sr_1_31?dib=eyJ2IjoiMSJ9.vXjToQJO76IhewN7sWaQIxQPC3eeMZOfxumCQURi-CshLD9pbXuRNFD2UK21lDUNtpyX4u5UVi1kzbdsPS_4XK96fCQRlAAKVGTKxKk-7JgFsb77h7z7f30wsM0Of24yiMVi9Fj75Qtda6DqYjsFMYkLN2GOCQQISPQJtIhd7nRzjL31Y5NhKqNJvbIu3aOTN1OJSS8quVF6tXkz9bRSFackZLhHmar-Hp9d9c6-pz8.KCIIhukCvlsXVTq8caost-_6Z0C-rWhRglNjOIG4JlE&dib_tag=se&keywords=iphone+16&qid=1752390292&sr=8-31
"Apple iPhone 14, 128GB, Blue - Unlocked (Renewed Premium)",$434..99,4.2,1178,https://www.amazon.com/Apple-iPhone-14-128GB-Blue/dp/B0BYLN65JD/ref=sr_1_32?dib=eyJ2IjoiMSJ9.vXjToQJO76IhewN7sWaQIxQPC3eeMZOfxumCQURi-CshLD9pbXuRNFD2UK21lDUNtpyX4u5UVi1kzbdsPS_4XK96fCQRlAAKVGTKxKk-7JgFsb77h7z7f30wsM0Of24yiMVi9Fj75Qtda6DqYjsFMYkLN2GOCQQISPQJtIhd7nRzjL31Y5NhKqNJvbIu3aOTN1OJSS8quVF6tXkz9bRSFackZLhHmar-Hp9d9c6-pz8.KCIIhukCvlsXVTq8caost-_6Z0C-rWhRglNjOIG4JlE&dib_tag=se&keywords=iphone+16&qid=1752390292&sr=8-32
"Apple iPhone 13 Mini, 128GB, Starlight - Unlocked (Renewed)",N/A,4.0,6091,https://www.amazon.com/Apple-iPhone-13-Mini-Starlight/dp/B09LKW2R37/ref=sr_1_33?dib=eyJ2IjoiMSJ9.vXjToQJO76IhewN7sWaQIxQPC3eeMZOfxumCQURi-CshLD9pbXuRNFD2UK21lDUNtpyX4u5UVi1kzbdsPS_4XK96fCQRlAAKVGTKxKk-7JgFsb77h7z7f30wsM0Of24yiMVi9Fj75Qtda6DqYjsFMYkLN2GOCQQISPQJtIhd7nRzjL31Y5NhKqNJvbIu3aOTN1OJSS8quVF6tXkz9bRSFackZLhHmar-Hp9d9c6-pz8.KCIIhukCvlsXVTq8caost-_6Z0C-rWhRglNjOIG4JlE&dib_tag=se&keywords=iphone+16&qid=1752390292&sr=8-33
"Apple iPhone 16 Pro, US Version, 128GB, White Titanium for Tracfone (Renewed Premium)",N/A,4.4,113,https://www.amazon.com/Apple-Version-Titanium-Tracfone-Renewed/dp/B0DNXFYF7J/ref=sr_1_34?dib=eyJ2IjoiMSJ9.vXjToQJO76IhewN7sWaQIxQPC3eeMZOfxumCQURi-CshLD9pbXuRNFD2UK21lDUNtpyX4u5UVi1kzbdsPS_4XK96fCQRlAAKVGTKxKk-7JgFsb77h7z7f30wsM0Of24yiMVi9Fj75Qtda6DqYjsFMYkLN2GOCQQISPQJtIhd7nRzjL31Y5NhKqNJvbIu3aOTN1OJSS8quVF6tXkz9bRSFackZLhHmar-Hp9d9c6-pz8.KCIIhukCvlsXVTq8caost-_6Z0C-rWhRglNjOIG4JlE&dib_tag=se&keywords=iphone+16&qid=1752390292&sr=8-34
OtterBox,N/A,4.5,119,https://www.amazon.com/sspa/click?ie=UTF8&spc=MTo4OTQ5MTIyMDE3NzkyMjc3OjE3NTIzOTAyOTI6c3BfYnRmOjMwMDQxMjM0MTAxNDAwMjo6MDo6&url=%2FOtterBox-iPhone-Symmetry-Case-Bluetiful%2Fdp%2FB0DDLK8LHK%2Fref%3Dsr_1_35_sspa%3Fdib%3DeyJ2IjoiMSJ9.vXjToQJO76IhewN7sWaQIxQPC3eeMZOfxumCQURi-CshLD9pbXuRNFD2UK21lDUNtpyX4u5UVi1kzbdsPS_4XK96fCQRlAAKVGTKxKk-7JgFsb77h7z7f30wsM0Of24yiMVi9Fj75Qtda6DqYjsFMYkLN2GOCQQISPQJtIhd7nRzjL31Y5NhKqNJvbIu3aOTN1OJSS8quVF6tXkz9bRSFackZLhHmar-Hp9d9c6-pz8.KCIIhukCvlsXVTq8caost-_6Z0C-rWhRglNjOIG4JlE%26dib_tag%3Dse%26keywords%3Diphone%2B16%26qid%3D1752390292%26sr%3D8-35-spons%26sp_csd%3Dd2lkZ2V0TmFtZT1zcF9idGY%26psc%3D1
"3 in 1 Wireless Charging Station, 2025 Upgraded Fast Desk Charger Station for iPhone 16 15 14 13 12 Pro Max Plus, Charger Stand for Apple Watch 10 9 8 7 6 5 4 3 2 SE, Airpods 4 3 2 Pro",N/A,4.4,4236,https://www.amazon.com/sspa/click?ie=UTF8&spc=MTo4OTQ5MTIyMDE3NzkyMjc3OjE3NTIzOTAyOTI6c3BfYnRmOjMwMDc1MjM1MDYzMTEwMjo6MDo6&url=%2FWireless-Charging-Station-Charger-AirPods%2Fdp%2FB09SB29VYD%2Fref%3Dsr_1_36_sspa%3Fdib%3DeyJ2IjoiMSJ9.vXjToQJO76IhewN7sWaQIxQPC3eeMZOfxumCQURi-CshLD9pbXuRNFD2UK21lDUNtpyX4u5UVi1kzbdsPS_4XK96fCQRlAAKVGTKxKk-7JgFsb77h7z7f30wsM0Of24yiMVi9Fj75Qtda6DqYjsFMYkLN2GOCQQISPQJtIhd7nRzjL31Y5NhKqNJvbIu3aOTN1OJSS8quVF6tXkz9bRSFackZLhHmar-Hp9d9c6-pz8.KCIIhukCvlsXVTq8caost-_6Z0C-rWhRglNjOIG4JlE%26dib_tag%3Dse%26keywords%3Diphone%2B16%26qid%3D1752390292%26sr%3D8-36-spons%26sp_csd%3Dd2lkZ2V0TmFtZT1zcF9idGY%26psc%3D1
